Workbook

Sheet Resumen
A1: Comparación estructura existente vs modificada
A2: Mesa Plana (Inchalam) · modelo RAM Elements "Mesas PLana_1.etz" · condición de carga id0=P · ING Estructural
A4: PARÁMETROS (editables)
A5: Fy acero A-36 [Ton/cm²] | B5: 2.53 | C5: Tensión de fluencia ASTM A36 = 2530 kgf/cm²
A6: Factor tensión admisible normal (ASD) | B6: 0.6 | C6: Fb = 0,6·Fy (AISC ASD), aplicado a σ axial + flexión combinadas
A7: Factor tensión admisible de corte (ASD) | B7: 0.4 | C7: Fv = 0,4·Fy (AISC ASD)
A8: Umbral de variación relevante [Ton/cm²] | B8: 0.02 | C8: RAM reporta tensiones redondeadas a 0,01 Ton/cm²; variaciones menores no son significativas
A10: Tensión admisible normal Fb [Ton/cm²] | B10: =B5*B6 -> 1.518
A11: Tensión admisible de corte Fv [Ton/cm²] | B11: =B5*B7 -> 1.012
A13: CORRESPONDENCIA DE MODELOS
A14: Nudos existente / modificado | B14: =COUNTA(Correspondencia!A5:A200) -> 130 | C14: =COUNTA(Correspondencia!B5:B200) -> 130
A15: Elementos existente / modificado | B15: =COUNTA(Correspondencia!H5:H400) -> 212 | C15: =COUNTA(Correspondencia!I5:I400) -> 212
A16: Nudos emparejados por coordenadas | B16: =COUNT(Desplazamientos!A5:A200) -> 130
A17: Elementos emparejados por nudos extremos | B17: =COUNT(Tensiones!A5:A400) -> 212
A18: Elementos con distinta sección o material | B18: =COUNTIF(Correspondencia!M5:M400,"DISTINTA") -> 0
A20: Hallazgo: ambos modelos tienen la misma geometría (130 nudos, 212 elementos), las mismas secciones, material y apoyos. El modelo modificado está trasladado −15,00 m en Z y renumerado (nudos 135–264 → 2–134; elementos con otra numeración). Por lo tanto las diferencias de desplazamientos y tensiones provienen de las CARGAS aplicadas en la condición id0=P (no incluidas en los archivos entregados).
A24: RESUMEN DE RESULTADOS
A25: Indicador | B25: Existente | C25: Modificada | D25: Variación | E25: Var. %
A26: Desplazamiento total máximo |δ| [cm] | B26: =MAX(Desplazamientos!N5:N200) -> 0.055566578 | C26: =MAX(Desplazamientos!O5:O200) -> 0.057132368 | D26: =C26-B26 -> 0.0015657901 | E26: =IF(B26=0,"-",C26/B26-1) -> 0.028178632
A27: Desplazamiento máx. TX [cm] | B27: =MAX(Desplazamientos!U5:U200) -> 0.05283 | C27: =MAX(Desplazamientos!V5:V200) -> 0.05435 | D27: =C27-B27 -> 0.00152 | E27: =IF(B27=0,"-",C27/B27-1) -> 0.028771531
A28: Desplazamiento máx. TY [cm] | B28: =MAX(Desplazamientos!W5:W200) -> 0.03034 | C28: =MAX(Desplazamientos!X5:X200) -> 0.03255 | D28: =C28-B28 -> 0.00221 | E28: =IF(B28=0,"-",C28/B28-1) -> 0.072841134
A29: Desplazamiento máx. TZ [cm] | B29: =MAX(Desplazamientos!Y5:Y200) -> 0.00785 | C29: =MAX(Desplazamientos!Z5:Z200) -> 0.00808 | D29: =C29-B29 -> 0.00023 | E29: =IF(B29=0,"-",C29/B29-1) -> 0.029299363
A30: Tensión normal combinada máxima σ [Ton/cm²] | B30: =MAX(Tensiones!H5:H400) -> 0.42 | C30: =MAX(Tensiones!K5:K400) -> 0.44 | D30: =C30-B30 -> 0.02 | E30: =IF(B30=0,"-",C30/B30-1) -> 0.047619048
A31: Tensión de corte máxima τ [Ton/cm²] | B31: =MAX(Tensiones!G5:G400) -> 0.09 | C31: =MAX(Tensiones!J5:J400) -> 0.09 | D31: =C31-B31 -> 0 | E31: =IF(B31=0,"-",C31/B31-1) -> 0
A32: Razón de uso normal máxima σ/Fb | B32: =MAX(Tensiones!L5:L400) -> 0.27667984 | C32: =MAX(Tensiones!M5:M400) -> 0.28985507 | D32: =C32-B32 -> 0.013175231 | E32: =IF(B32=0,"-",C32/B32-1) -> 0.047619048
A33: Razón de uso corte máxima τ/Fv | B33: =MAX(Tensiones!O5:O400) -> 0.088932806 | C33: =MAX(Tensiones!P5:P400) -> 0.088932806 | D33: =C33-B33 -> 0 | E33: =IF(B33=0,"-",C33/B33-1) -> 0
A34: Promedio |δ| de todos los nudos [cm] | B34: =AVERAGE(Desplazamientos!N5:N200) -> 0.024766779 | C34: =AVERAGE(Desplazamientos!O5:O200) -> 0.025964842 | D34: =C34-B34 -> 0.0011980629 | E34: =IF(B34=0,"-",C34/B34-1) -> 0.048373788
A35: Promedio σ de elementos con σ ≥ 0,05 [Ton/cm²] | B35: =AVERAGEIFS(Tensiones!H5:H400,Tensiones!H5:H400,">=0.05") -> 0.097727273 | C35: =AVERAGEIFS(Tensiones!K5:K400,Tensiones!H5:H400,">=0.05") -> 0.10098485 | D35: =C35-B35 -> 0.0032575758 | E35: =IF(B35=0,"-",C35/B35-1) -> 0.033333333
A37: Elementos cuyo σ aumenta más que el umbral | B37: =COUNTIF(Tensiones!Q5:Q400,"AUMENTA") -> 20
A38: Elementos cuyo σ disminuye más que el umbral | B38: =COUNTIF(Tensiones!Q5:Q400,"DISMINUYE") -> 7
A39: Elementos sin variación significativa | B39: =COUNTIF(Tensiones!Q5:Q400,"SIN CAMBIO") -> 185
A40: Elementos que NO CUMPLEN en la situación modificada | B40: =COUNTIF(Tensiones!R5:R400,"NO CUMPLE") -> 0
A41: Estado: verificación por tensiones de la estructura modificada | B41: =IF(B40=0,"CUMPLE","NO CUMPLE") -> CUMPLE
A43: Criterios y limitaciones
A44: • σ combinada = máx. sobre las 5 estaciones de |axial| + máx(|2-Pos|,|2-Neg|) + máx(|3-Pos|,|3-Neg|) (suma conservadora de las fibras extremas).
A45: • La razón de uso es por tensiones (σ/Fb, τ/Fv, ASD). No incluye pandeo global ni lateral-torsional, que requieren longitudes no arriostradas y propiedades de sección (RAM Design).
A46: • Solo existe una condición de carga (id0=P); no se dispone de combinaciones de diseño. Las razones de uso son las de esa condición.
A47: • Tensiones de RAM redondeadas a 0,01 Ton/cm²: las variaciones porcentuales en elementos poco solicitados no son representativas; usar el umbral del parámetro B8.
A48: • Desplazamientos de RAM en cm; |δ| = √(TX²+TY²+TZ²).

Sheet Correspondencia
A1: Correspondencia de nudos y elementos entre modelos
A2: Emparejados por coordenadas (modificado = existente con Z − 15,00 m)
A4: Nudo exist. | B4: Nudo modif. | C4: X [m] | D4: Y [m] | E4: Z exist. [m] | F4: Z modif. [m] | H4: Elem. exist. | I4: Elem. modif. | J4: Descripción | K4: Sección exist. | L4: Sección modif. | M4: ¿Igual? | N4: Nudos exist. (J-K) | O4: Nudos modif. (J-K)
A5: 135 | B5: 2 | C5: 0 | D5: 2.69 | E5: 15 | F5: 0 | H5: 225 | I5: 1 | J5: COL1 | K5: UPN 200 A-36 | L5: UPN 200 A-36 | M5: =IF(K5=L5,"=","DISTINTA") -> = | N5: 135-150 | O5: 2-17
A6: 136 | B6: 3 | C6: 0 | D6: 0 | E6: 15.28 | F6: 0.28 | H6: 226 | I6: 2 | J6: COL1 | K6: UPN 200 A-36 | L6: UPN 200 A-36 | M6: =IF(K6=L6,"=","DISTINTA") -> = | N6: 137-155 | O6: 4-22
A7: 137 | B7: 4 | C7: 0 | D7: 2.69 | E7: 15.28 | F7: 0.28 | H7: 227 | I7: 3 | J7: COL1 | K7: UPN 200 A-36 | L7: UPN 200 A-36 | M7: =IF(K7=L7,"=","DISTINTA") -> = | N7: 139-157 | O7: 6-24
A8: 138 | B8: 5 | C8: 0 | D8: 0 | E8: 15.85 | F8: 0.85 | H8: 228 | I8: 4 | J8: COL1 | K8: UPN 200 A-36 | L8: UPN 200 A-36 | M8: =IF(K8=L8,"=","DISTINTA") -> = | N8: 141-159 | O8: 8-26
A9: 139 | B9: 6 | C9: 0 | D9: 2.69 | E9: 15.85 | F9: 0.85 | H9: 229 | I9: 5 | J9: COL1 | K9: UPN 200 A-36 | L9: UPN 200 A-36 | M9: =IF(K9=L9,"=","DISTINTA") -> = | N9: 143-161 | O9: 10-28
A10: 140 | B10: 7 | C10: 0 | D10: 0 | E10: 16.13 | F10: 1.13 | H10: 230 | I10: 6 | J10: COL1 | K10: UPN 200 A-36 | L10: UPN 200 A-36 | M10: =IF(K10=L10,"=","DISTINTA") -> = | N10: 145-163 | O10: 12-30
A11: 141 | B11: 8 | C11: 0 | D11: 2.69 | E11: 16.13 | F11: 1.13 | H11: 231 | I11: 7 | J11: COL1 | K11: UPN 200 A-36 | L11: UPN 200 A-36 | M11: =IF(K11=L11,"=","DISTINTA") -> = | N11: 147-165 | O11: 14-32
A12: 142 | B12: 9 | C12: 0 | D12: 0 | E12: 17.25 | F12: 2.25 | H12: 232 | I12: 8 | J12: COL1 | K12: UPN 200 A-36 | L12: UPN 200 A-36 | M12: =IF(K12=L12,"=","DISTINTA") -> = | N12: 149-151 | O12: 16-18
A13: 143 | B13: 10 | C13: 0 | D13: 2.69 | E13: 17.25 | F13: 2.25 | H13: 233 | I13: 10 | J13: BEAM2_P | K13: 2 UPN200 A-36 | L13: 2 UPN200 A-36 | M13: =IF(K13=L13,"=","DISTINTA") -> = | N13: 150-253 | O13: 17-123
A14: 144 | B14: 11 | C14: 0 | D14: 0 | E14: 17.53 | F14: 2.53 | H14: 234 | I14: 11 | J14: BEAM2 | K14: 2 UPN200 A-36 | L14: 2 UPN200 A-36 | M14: =IF(K14=L14,"=","DISTINTA") -> = | N14: 152-156 | O14: 19-23
A15: 145 | B15: 12 | C15: 0 | D15: 2.69 | E15: 17.53 | F15: 2.53 | H15: 235 | I15: 12 | J15: BEAM2 | K15: 2 UPN200 A-36 | L15: 2 UPN200 A-36 | M15: =IF(K15=L15,"=","DISTINTA") -> = | N15: 154-136 | O15: 21-3
A16: 146 | B16: 13 | C16: 0 | D16: 0 | E16: 18.1 | F16: 3.1 | H16: 236 | I16: 13 | J16: COL1 | K16: UPN 200 A-36 | L16: UPN 200 A-36 | M16: =IF(K16=L16,"=","DISTINTA") -> = | N16: 150-152 | O16: 17-19
... A134: 264 | B134: 134 | C134: 4.15 | D134: 1.29 | E134: 15 | F134: 0 | H134: 354 | I134: 131 | J134: BEAM2 | K134: 2 UPN200 A-36 | L134: 2 UPN200 A-36 | M134: =IF(K134=L134,"=","DISTINTA") -> = | N134: 200-202 | O134: 67-69
H135: 355 | I135: 132 | J135: BEAM2 | K135: 2 UPN200 A-36 | L135: 2 UPN200 A-36 | M135: =IF(K135=L135,"=","DISTINTA") -> = | N135: 202-204 | O135: 69-71
H136: 356 | I136: 133 | J136: BEAM2 | K136: 2 UPN200 A-36 | L136: 2 UPN200 A-36 | M136: =IF(K136=L136,"=","DISTINTA") -> = | N136: 204-206 | O136: 71-73
H137: 357 | I137: 134 | J137: BEAM2 | K137: 2 UPN200 A-36 | L137: 2 UPN200 A-36 | M137: =IF(K137=L137,"=","DISTINTA") -> = | N137: 206-208 | O137: 73-75
H138: 358 | I138: 135 | J138: BEAM2 | K138: 2 UPN200 A-36 | L138: 2 UPN200 A-36 | M138: =IF(K138=L138,"=","DISTINTA") -> = | N138: 208-210 | O138: 75-77
H139: 359 | I139: 136 | J139: BEAM2 | K139: 2 UPN200 A-36 | L139: 2 UPN200 A-36 | M139: =IF(K139=L139,"=","DISTINTA") -> = | N139: 210-212 | O139: 77-79
H140: 360 | I140: 137 | J140: BEAM3 | K140: IPN 300 A-36 | L140: IPN 300 A-36 | M140: =IF(K140=L140,"=","DISTINTA") -> = | N140: 186-154 | O140: 53-21
H141: 361 | I141: 138 | J141: BEAM3 | K141: IPN 300 A-36 | L141: IPN 300 A-36 | M141: =IF(K141=L141,"=","DISTINTA") -> = | N141: 154-218 | O141: 21-85
H142: 362 | I142: 139 | J142: BEAM3 | K142: IPN 300 A-36 | L142: IPN 300 A-36 | M142: =IF(K142=L142,"=","DISTINTA") -> = | N142: 180-148 | O142: 47-15
H143: 363 | I143: 140 | J143: BEAM3 | K143: IPN 300 A-36 | L143: IPN 300 A-36 | M143: =IF(K143=L143,"=","DISTINTA") -> = | N143: 148-212 | O143: 15-79
H144: 364 | I144: 141 | J144: PHA_50 | K144: CHA 50x50 A-36 | L144: CHA 50x50 A-36 | M144: =IF(K144=L144,"=","DISTINTA") -> = | N144: 235-180 | O144: 102-47
H145: 365 | I145: 142 | J145: PHA_50 | K145: CHA 50x50 A-36 | L145: CHA 50x50 A-36 | M145: =IF(K145=L145,"=","DISTINTA") -> = | N145: 231-186 | O145: 98-53
H146: 366 | I146: 143 | J146: PHA_50 | K146: CHA 50x50 A-36 | L146: CHA 50x50 A-36 | M146: =IF(K146=L146,"=","DISTINTA") -> = | N146: 232-154 | O146: 99-21
... H216: 436 | I216: 224 | J216: BRACE3 | K216: UPN 180 A-36 | L216: UPN 180 A-36 | M216: =IF(K216=L216,"=","DISTINTA") -> = | N216: 257-183 | O216: 127-50

Sheet Desplazamientos
A1: Desplazamientos de nudos — existente vs modificada
A2: Traslaciones [cm], rotaciones [rad] · condición id0=P
A4: Nudo exist. | B4: Nudo modif. | C4: TX exist. | D4: TY exist. | E4: TZ exist. | F4: RX exist. | G4: RY exist. | H4: RZ exist. | I4: TX modif. | J4: TY modif. | K4: TZ modif. | L4: RX modif. | M4: RY modif. | N4: |δ| exist. [cm] | O4: |δ| modif. [cm] | P4: Δ|δ| [cm] | Q4: Var. % | R4: RZ modif. | T4: Relevante | U4: |TX| exist. | V4: |TX| modif. | W4: |TY| exist. | X4: |TY| modif. | Y4: |TZ| exist. | Z4: |TZ| modif.
A5: 135 | B5: 2 | C5: 0.01262 | D5: -0.00113 | E5: 0.0002 | F5: -4e-05 | G5: 0.00025 | H5: -2e-05 | I5: 0.01473 | J5: -0.00148 | K5: -0.00012 | L5: -7e-05 | M5: 0.00027 | N5: =SQRT(C5^2+D5^2+E5^2) -> 0.012672068 | O5: =SQRT(I5^2+J5^2+K5^2) -> 0.014804651 | P5: =O5-N5 -> 0.0021325836 | Q5: =IF(N5<0.001,"-",O5/N5-1) -> 0.1682901 | R5: -3e-05 | T5: =IF(N5>=0.01,"SÍ","no") -> SÍ | U5: =ABS(C5) -> 0.01262 | V5: =ABS(I5) -> 0.01473 | W5: =ABS(D5) -> 0.00113 | X5: =ABS(J5) -> 0.00148 | Y5: =ABS(E5) -> 0.0002 | Z5: =ABS(K5) -> 0.00012
A6: 136 | B6: 3 | C6: 0.00753 | D6: -0.00042 | E6: 7e-05 | F6: 0 | G6: 0.00029 | H6: -7e-05 | I6: 0.00803 | J6: -0.00039 | K6: 0.00011 | L6: 1e-05 | M6: 0.00033 | N6: =SQRT(C6^2+D6^2+E6^2) -> 0.0075420289 | O6: =SQRT(I6^2+J6^2+K6^2) -> 0.0080402177 | P6: =O6-N6 -> 0.00049818875 | Q6: =IF(N6<0.001,"-",O6/N6-1) -> 0.066055005 | R6: -8e-05 | T6: =IF(N6>=0.01,"SÍ","no") -> no | U6: =ABS(C6) -> 0.00753 | V6: =ABS(I6) -> 0.00803 | W6: =ABS(D6) -> 0.00042 | X6: =ABS(J6) -> 0.00039 | Y6: =ABS(E6) -> 7e-05 | Z6: =ABS(K6) -> 0.00011
A7: 137 | B7: 4 | C7: 0.02005 | D7: 0.00013 | E7: 0.00036 | F7: -3e-05 | G7: 0.00032 | H7: -1e-05 | I7: 0.0219 | J7: 0.00024 | K7: 0.00014 | L7: -4e-05 | M7: 0.00029 | N7: =SQRT(C7^2+D7^2+E7^2) -> 0.020053653 | O7: =SQRT(I7^2+J7^2+K7^2) -> 0.021901762 | P7: =O7-N7 -> 0.0018481095 | Q7: =IF(N7<0.001,"-",O7/N7-1) -> 0.092158244 | R7: -2e-05 | T7: =IF(N7>=0.01,"SÍ","no") -> SÍ | U7: =ABS(C7) -> 0.02005 | V7: =ABS(I7) -> 0.0219 | W7: =ABS(D7) -> 0.00013 | X7: =ABS(J7) -> 0.00024 | Y7: =ABS(E7) -> 0.00036 | Z7: =ABS(K7) -> 0.00014
A8: 138 | B8: 5 | C8: 0.02846 | D8: 4e-05 | E8: 8e-05 | F8: 0 | G8: 0.00035 | H8: -2e-05 | I8: 0.02992 | J8: 0.00026 | K8: 0.00011 | L8: 0 | M8: 0.00034 | N8: =SQRT(C8^2+D8^2+E8^2) -> 0.028460141 | O8: =SQRT(I8^2+J8^2+K8^2) -> 0.029921332 | P8: =O8-N8 -> 0.0014611913 | Q8: =IF(N8<0.001,"-",O8/N8-1) -> 0.051341676 | R8: -2e-05 | T8: =IF(N8>=0.01,"SÍ","no") -> SÍ | U8: =ABS(C8) -> 0.02846 | V8: =ABS(I8) -> 0.02992 | W8: =ABS(D8) -> 4e-05 | X8: =ABS(J8) -> 0.00026 | Y8: =ABS(E8) -> 8e-05 | Z8: =ABS(K8) -> 0.00011
A9: 139 | B9: 6 | C9: 0.043 | D9: 0.00021 | E9: 0.0006 | F9: 0 | G9: 0.00031 | H9: -7e-05 | I9: 0.0442 | J9: 0.00045 | K9: 0.00051 | L9: -1e-05 | M9: 0.00032 | N9: =SQRT(C9^2+D9^2+E9^2) -> 0.043004699 | O9: =SQRT(I9^2+J9^2+K9^2) -> 0.044205233 | P9: =O9-N9 -> 0.0012005341 | Q9: =IF(N9<0.001,"-",O9/N9-1) -> 0.027916348 | R9: -7e-05 | T9: =IF(N9>=0.01,"SÍ","no") -> SÍ | U9: =ABS(C9) -> 0.043 | V9: =ABS(I9) -> 0.0442 | W9: =ABS(D9) -> 0.00021 | X9: =ABS(J9) -> 0.00045 | Y9: =ABS(E9) -> 0.0006 | Z9: =ABS(K9) -> 0.00051
A10: 140 | B10: 7 | C10: 0.03694 | D10: -5e-05 | E10: 7e-05 | F10: 0 | G10: 0.00024 | H10: 0 | I10: 0.03834 | J10: 0.00017 | K10: 0.00011 | L10: 1e-05 | M10: 0.00024 | N10: =SQRT(C10^2+D10^2+E10^2) -> 0.0369401 | O10: =SQRT(I10^2+J10^2+K10^2) -> 0.038340535 | P10: =O10-N10 -> 0.0014004345 | Q10: =IF(N10<0.001,"-",O10/N10-1) -> 0.037910956 | R10: 0 | T10: =IF(N10>=0.01,"SÍ","no") -> SÍ | U10: =ABS(C10) -> 0.03694 | V10: =ABS(I10) -> 0.03834 | W10: =ABS(D10) -> 5e-05 | X10: =ABS(J10) -> 0.00017 | Y10: =ABS(E10) -> 7e-05 | Z10: =ABS(K10) -> 0.00011
A11: 141 | B11: 8 | C11: 0.05015 | D11: 0.00061 | E11: 0.00058 | F11: -1e-05 | G11: 0.00021 | H11: -9e-05 | I11: 0.05144 | J11: 0.0009 | K11: 0.00049 | L11: -1e-05 | M11: 0.0002 | N11: =SQRT(C11^2+D11^2+E11^2) -> 0.050157063 | O11: =SQRT(I11^2+J11^2+K11^2) -> 0.051450206 | P11: =O11-N11 -> 0.0012931427 | Q11: =IF(N11<0.001,"-",O11/N11-1) -> 0.025781867 | R11: -9e-05 | T11: =IF(N11>=0.01,"SÍ","no") -> SÍ | U11: =ABS(C11) -> 0.05015 | V11: =ABS(I11) -> 0.05144 | W11: =ABS(D11) -> 0.00061 | X11: =ABS(J11) -> 0.0009 | Y11: =ABS(E11) -> 0.00058 | Z11: =ABS(K11) -> 0.00049
A12: 142 | B12: 9 | C12: 0.03649 | D12: -0.00031 | E12: 7e-05 | F12: 0 | G12: -0.00023 | H12: 0 | I12: 0.03771 | J12: -0.00038 | K12: 0.00011 | L12: 0 | M12: -0.00022 | N12: =SQRT(C12^2+D12^2+E12^2) -> 0.036491384 | O12: =SQRT(I12^2+J12^2+K12^2) -> 0.037712075 | P12: =O12-N12 -> 0.0012206911 | Q12: =IF(N12<0.001,"-",O12/N12-1) -> 0.033451488 | R12: 0 | T12: =IF(N12>=0.01,"SÍ","no") -> SÍ | U12: =ABS(C12) -> 0.03649 | V12: =ABS(I12) -> 0.03771 | W12: =ABS(D12) -> 0.00031 | X12: =ABS(J12) -> 0.00038 | Y12: =ABS(E12) -> 7e-05 | Z12: =ABS(K12) -> 0.00011
A13: 143 | B13: 10 | C13: 0.05075 | D13: -6e-05 | E13: 0.00061 | F13: 0 | G13: -0.00022 | H13: -0.0001 | I13: 0.05233 | J13: -0.00022 | K13: 0.00057 | L13: 0 | M13: -0.00021 | N13: =SQRT(C13^2+D13^2+E13^2) -> 0.050753701 | O13: =SQRT(I13^2+J13^2+K13^2) -> 0.052333567 | P13: =O13-N13 -> 0.0015798653 | Q13: =IF(N13<0.001,"-",O13/N13-1) -> 0.031128081 | R13: -0.0001 | T13: =IF(N13>=0.01,"SÍ","no") -> SÍ | U13: =ABS(C13) -> 0.05075 | V13: =ABS(I13) -> 0.05233 | W13: =ABS(D13) -> 6e-05 | X13: =ABS(J13) -> 0.00022 | Y13: =ABS(E13) -> 0.00061 | Z13: =ABS(K13) -> 0.00057
A14: 144 | B14: 11 | C14: 0.02862 | D14: -0.00035 | E14: 7e-05 | F14: 0 | G14: -0.00033 | H14: -2e-05 | I14: 0.03004 | J14: -0.00046 | K14: 0.00011 | L14: 0 | M14: -0.00032 | N14: =SQRT(C14^2+D14^2+E14^2) -> 0.028622226 | O14: =SQRT(I14^2+J14^2+K14^2) -> 0.030043723 | P14: =O14-N14 -> 0.0014214975 | Q14: =IF(N14<0.001,"-",O14/N14-1) -> 0.049664115 | R14: -2e-05 | T14: =IF(N14>=0.01,"SÍ","no") -> SÍ | U14: =ABS(C14) -> 0.02862 | V14: =ABS(I14) -> 0.03004 | W14: =ABS(D14) -> 0.00035 | X14: =ABS(J14) -> 0.00046 | Y14: =ABS(E14) -> 7e-05 | Z14: =ABS(K14) -> 0.00011
A15: 145 | B15: 12 | C15: 0.04306 | D15: 0.00024 | E15: 0.00065 | F15: 0 | G15: -0.00032 | H15: -8e-05 | I15: 0.04441 | J15: 8e-05 | K15: 0.00056 | L15: -1e-05 | M15: -0.00034 | N15: =SQRT(C15^2+D15^2+E15^2) -> 0.043065574 | O15: =SQRT(I15^2+J15^2+K15^2) -> 0.044413603 | P15: =O15-N15 -> 0.0013480282 | Q15: =IF(N15<0.001,"-",O15/N15-1) -> 0.031301759 | R15: -7e-05 | T15: =IF(N15>=0.01,"SÍ","no") -> SÍ | U15: =ABS(C15) -> 0.04306 | V15: =ABS(I15) -> 0.04441 | W15: =ABS(D15) -> 0.00024 | X15: =ABS(J15) -> 8e-05 | Y15: =ABS(E15) -> 0.00065 | Z15: =ABS(K15) -> 0.00056
A16: 146 | B16: 13 | C16: 0.00755 | D16: 0.00034 | E16: 7e-05 | F16: 0 | G16: -0.0003 | H16: -7e-05 | I16: 0.00806 | J16: 0.00032 | K16: 0.00011 | L16: 0 | M16: -0.00033 | N16: =SQRT(C16^2+D16^2+E16^2) -> 0.0075579759 | O16: =SQRT(I16^2+J16^2+K16^2) -> 0.0080670999 | P16: =O16-N16 -> 0.00050912393 | Q16: =IF(N16<0.001,"-",O16/N16-1) -> 0.067362471 | R16: -7e-05 | T16: =IF(N16>=0.01,"SÍ","no") -> no | U16: =ABS(C16) -> 0.00755 | V16: =ABS(I16) -> 0.00806 | W16: =ABS(D16) -> 0.00034 | X16: =ABS(J16) -> 0.00032 | Y16: =ABS(E16) -> 7e-05 | Z16: =ABS(K16) -> 0.00011
... A134: 264 | B134: 134 | C134: 0.00692 | D134: -0.0056 | E134: -0.0066 | F134: -8e-05 | G134: -9e-05 | H134: -2e-05 | I134: 0.00534 | J134: -0.00416 | K134: -0.00695 | L134: -8e-05 | M134: -9e-05 | N134: =SQRT(C134^2+D134^2+E134^2) -> 0.011081805 | O134: =SQRT(I134^2+J134^2+K134^2) -> 0.009701737 | P134: =O134-N134 -> -0.0013800679 | Q134: =IF(N134<0.001,"-",O134/N134-1) -> -0.12453458 | R134: -2e-05 | T134: =IF(N134>=0.01,"SÍ","no") -> SÍ | U134: =ABS(C134) -> 0.00692 | V134: =ABS(I134) -> 0.00534 | W134: =ABS(D134) -> 0.0056 | X134: =ABS(J134) -> 0.00416 | Y134: =ABS(E134) -> 0.0066 | Z134: =ABS(K134) -> 0.00695
A136: Datos de entrada en azul (copiados de los listados de RAM). "Relevante" = |δ| existente ≥ 0,01 cm; en nudos casi inmóviles la variación % no es representativa.

Sheet Estaciones
A1: Tensiones por estación — existente vs modificada
A2: [Ton/cm²] · 5 estaciones por elemento (0, 0.25, 0.5, 0.75, 1 de L)
A4: Elem. exist. | B4: Elem. modif. | C4: Estación | D4: Axial E | E4: V2 E | F4: V3 E | G4: 2-Pos E | H4: 2-Neg E | I4: 3-Pos E | J4: 3-Neg E | K4: Axial M | L4: V2 M | M4: V3 M | N4: 2-Pos M | O4: 2-Neg M | P4: 3-Pos M | Q4: 3-Neg M | R4: σ comb. E | S4: σ comb. M | T4: τ máx E | U4: τ máx M
A5: 225 | B5: 1 | C5: 0 | D5: 0 | E5: 0 | F5: 0 | G5: 0 | H5: 0 | I5: 0 | J5: 0 | K5: 0 | L5: 0 | M5: 0 | N5: 0 | O5: 0 | P5: 0 | Q5: 0 | R5: =ABS(D5)+MAX(ABS(G5),ABS(H5))+MAX(ABS(I5),ABS(J5)) -> 0 | S5: =ABS(K5)+MAX(ABS(N5),ABS(O5))+MAX(ABS(P5),ABS(Q5)) -> 0 | T5: =MAX(ABS(E5),ABS(F5)) -> 0 | U5: =MAX(ABS(L5),ABS(M5)) -> 0
A6: 225 | B6: 1 | C6: 0.25 | D6: 0 | E6: 0 | F6: 0 | G6: 0 | H6: 0 | I6: 0 | J6: 0 | K6: 0 | L6: 0 | M6: 0 | N6: 0 | O6: 0 | P6: 0 | Q6: 0 | R6: =ABS(D6)+MAX(ABS(G6),ABS(H6))+MAX(ABS(I6),ABS(J6)) -> 0 | S6: =ABS(K6)+MAX(ABS(N6),ABS(O6))+MAX(ABS(P6),ABS(Q6)) -> 0 | T6: =MAX(ABS(E6),ABS(F6)) -> 0 | U6: =MAX(ABS(L6),ABS(M6)) -> 0
A7: 225 | B7: 1 | C7: 0.5 | D7: 0 | E7: 0 | F7: 0 | G7: 0 | H7: 0 | I7: 0 | J7: 0 | K7: 0 | L7: 0 | M7: 0 | N7: 0 | O7: 0 | P7: 0 | Q7: 0 | R7: =ABS(D7)+MAX(ABS(G7),ABS(H7))+MAX(ABS(I7),ABS(J7)) -> 0 | S7: =ABS(K7)+MAX(ABS(N7),ABS(O7))+MAX(ABS(P7),ABS(Q7)) -> 0 | T7: =MAX(ABS(E7),ABS(F7)) -> 0 | U7: =MAX(ABS(L7),ABS(M7)) -> 0
A8: 225 | B8: 1 | C8: 0.75 | D8: 0 | E8: 0 | F8: 0 | G8: 0 | H8: 0 | I8: 0 | J8: 0 | K8: 0 | L8: 0 | M8: 0 | N8: 0 | O8: 0 | P8: 0 | Q8: 0 | R8: =ABS(D8)+MAX(ABS(G8),ABS(H8))+MAX(ABS(I8),ABS(J8)) -> 0 | S8: =ABS(K8)+MAX(ABS(N8),ABS(O8))+MAX(ABS(P8),ABS(Q8)) -> 0 | T8: =MAX(ABS(E8),ABS(F8)) -> 0 | U8: =MAX(ABS(L8),ABS(M8)) -> 0
A9: 225 | B9: 1 | C9: 1 | D9: 0 | E9: 0 | F9: 0 | G9: 0 | H9: 0 | I9: 0 | J9: 0 | K9: 0 | L9: 0 | M9: 0 | N9: 0 | O9: 0 | P9: 0 | Q9: 0 | R9: =ABS(D9)+MAX(ABS(G9),ABS(H9))+MAX(ABS(I9),ABS(J9)) -> 0 | S9: =ABS(K9)+MAX(ABS(N9),ABS(O9))+MAX(ABS(P9),ABS(Q9)) -> 0 | T9: =MAX(ABS(E9),ABS(F9)) -> 0 | U9: =MAX(ABS(L9),ABS(M9)) -> 0
A10: 226 | B10: 2 | C10: 0 | D10: 0 | E10: 0 | F10: 0 | G10: 0 | H10: 0 | I10: 0 | J10: 0 | K10: 0 | L10: 0 | M10: 0 | N10: 0 | O10: 0 | P10: 0 | Q10: 0 | R10: =ABS(D10)+MAX(ABS(G10),ABS(H10))+MAX(ABS(I10),ABS(J10)) -> 0 | S10: =ABS(K10)+MAX(ABS(N10),ABS(O10))+MAX(ABS(P10),ABS(Q10)) -> 0 | T10: =MAX(ABS(E10),ABS(F10)) -> 0 | U10: =MAX(ABS(L10),ABS(M10)) -> 0
A11: 226 | B11: 2 | C11: 0.25 | D11: 0 | E11: 0 | F11: 0 | G11: 0 | H11: 0 | I11: 0 | J11: 0 | K11: 0 | L11: 0 | M11: 0 | N11: 0 | O11: 0 | P11: 0 | Q11: 0 | R11: =ABS(D11)+MAX(ABS(G11),ABS(H11))+MAX(ABS(I11),ABS(J11)) -> 0 | S11: =ABS(K11)+MAX(ABS(N11),ABS(O11))+MAX(ABS(P11),ABS(Q11)) -> 0 | T11: =MAX(ABS(E11),ABS(F11)) -> 0 | U11: =MAX(ABS(L11),ABS(M11)) -> 0
A12: 226 | B12: 2 | C12: 0.5 | D12: 0 | E12: 0 | F12: 0 | G12: 0 | H12: 0 | I12: 0 | J12: 0 | K12: 0 | L12: 0 | M12: 0 | N12: 0 | O12: 0 | P12: 0 | Q12: 0 | R12: =ABS(D12)+MAX(ABS(G12),ABS(H12))+MAX(ABS(I12),ABS(J12)) -> 0 | S12: =ABS(K12)+MAX(ABS(N12),ABS(O12))+MAX(ABS(P12),ABS(Q12)) -> 0 | T12: =MAX(ABS(E12),ABS(F12)) -> 0 | U12: =MAX(ABS(L12),ABS(M12)) -> 0
A13: 226 | B13: 2 | C13: 0.75 | D13: 0 | E13: 0 | F13: 0 | G13: 0 | H13: 0 | I13: 0 | J13: 0 | K13: 0 | L13: 0 | M13: 0 | N13: 0 | O13: 0 | P13: 0 | Q13: 0 | R13: =ABS(D13)+MAX(ABS(G13),ABS(H13))+MAX(ABS(I13),ABS(J13)) -> 0 | S13: =ABS(K13)+MAX(ABS(N13),ABS(O13))+MAX(ABS(P13),ABS(Q13)) -> 0 | T13: =MAX(ABS(E13),ABS(F13)) -> 0 | U13: =MAX(ABS(L13),ABS(M13)) -> 0
A14: 226 | B14: 2 | C14: 1 | D14: 0 | E14: 0 | F14: 0 | G14: 0 | H14: 0 | I14: 0 | J14: 0 | K14: 0 | L14: 0 | M14: 0 | N14: 0 | O14: 0 | P14: 0 | Q14: 0 | R14: =ABS(D14)+MAX(ABS(G14),ABS(H14))+MAX(ABS(I14),ABS(J14)) -> 0 | S14: =ABS(K14)+MAX(ABS(N14),ABS(O14))+MAX(ABS(P14),ABS(Q14)) -> 0 | T14: =MAX(ABS(E14),ABS(F14)) -> 0 | U14: =MAX(ABS(L14),ABS(M14)) -> 0
A15: 227 | B15: 3 | C15: 0 | D15: 0 | E15: 0 | F15: 0 | G15: 0 | H15: 0 | I15: 0 | J15: 0 | K15: 0 | L15: 0 | M15: 0 | N15: 0 | O15: 0 | P15: 0 | Q15: 0 | R15: =ABS(D15)+MAX(ABS(G15),ABS(H15))+MAX(ABS(I15),ABS(J15)) -> 0 | S15: =ABS(K15)+MAX(ABS(N15),ABS(O15))+MAX(ABS(P15),ABS(Q15)) -> 0 | T15: =MAX(ABS(E15),ABS(F15)) -> 0 | U15: =MAX(ABS(L15),ABS(M15)) -> 0
A16: 227 | B16: 3 | C16: 0.25 | D16: 0 | E16: 0 | F16: 0 | G16: 0 | H16: 0 | I16: 0 | J16: 0 | K16: 0 | L16: 0 | M16: 0 | N16: 0 | O16: 0 | P16: 0 | Q16: 0 | R16: =ABS(D16)+MAX(ABS(G16),ABS(H16))+MAX(ABS(I16),ABS(J16)) -> 0 | S16: =ABS(K16)+MAX(ABS(N16),ABS(O16))+MAX(ABS(P16),ABS(Q16)) -> 0 | T16: =MAX(ABS(E16),ABS(F16)) -> 0 | U16: =MAX(ABS(L16),ABS(M16)) -> 0
... A1064: 436 | B1064: 224 | C1064: 1 | D1064: 0 | E1064: 0 | F1064: 0 | G1064: 0 | H1064: 0 | I1064: 0.04 | J1064: -0.02 | K1064: 0 | L1064: 0 | M1064: 0 | N1064: 0 | O1064: 0 | P1064: 0.04 | Q1064: -0.02 | R1064: =ABS(D1064)+MAX(ABS(G1064),ABS(H1064))+MAX(ABS(I1064),ABS(J1064)) -> 0.04 | S1064: =ABS(K1064)+MAX(ABS(N1064),ABS(O1064))+MAX(ABS(P1064),ABS(Q1064)) -> 0.04 | T1064: =MAX(ABS(E1064),ABS(F1064)) -> 0 | U1064: =MAX(ABS(L1064),ABS(M1064)) -> 0

Sheet Tensiones
A1: Tensiones y razón de uso por elemento — existente vs modificada
A2: Envolvente sobre las 5 estaciones · Fb y Fv según hoja Resumen
A4: Elem. exist. | B4: Elem. modif. | C4: Descripción | D4: Sección | E4: Long. [m] | F4: Axial máx E | G4: τ máx E | H4: σ comb. E | I4: Axial máx M | J4: τ máx M | K4: σ comb. M | L4: σ/Fb exist. | M4: σ/Fb modif. | N4: Δ razón σ/Fb | O4: τ/Fv exist. | P4: τ/Fv modif. | Q4: Variación σ | R4: Estado modif. | S4: Δσ [Ton/cm²] | T4: Var. % σ
A5: 234 | B5: 11 | C5: BEAM2 | D5: 2 UPN200 | E5: 0.28 | F5: =SUMPRODUCT(MAX((Estaciones!$A$5:$A$1064=A5)*ABS(Estaciones!$D$5:$D$1064))) -> 0 | G5: =_xlfn.MAXIFS(Estaciones!$T$5:$T$1064,Estaciones!$A$5:$A$1064,A5) -> 0 | H5: =_xlfn.MAXIFS(Estaciones!$R$5:$R$1064,Estaciones!$A$5:$A$1064,A5) -> 0.01 | I5: =SUMPRODUCT(MAX((Estaciones!$A$5:$A$1064=A5)*ABS(Estaciones!$K$5:$K$1064))) -> 0 | J5: =_xlfn.MAXIFS(Estaciones!$U$5:$U$1064,Estaciones!$A$5:$A$1064,A5) -> 0.01 | K5: =_xlfn.MAXIFS(Estaciones!$S$5:$S$1064,Estaciones!$A$5:$A$1064,A5) -> 0.02 | L5: =H5/Resumen!$B$10 -> 0.0065876153 | M5: =K5/Resumen!$B$10 -> 0.013175231 | N5: =M5-L5 -> 0.0065876153 | O5: =G5/Resumen!$B$11 -> 0 | P5: =J5/Resumen!$B$11 -> 0.0098814229 | Q5: =IF(S5>=Resumen!$B$8,"AUMENTA",IF(S5<=-Resumen!$B$8,"DISMINUYE","SIN CAMBIO")) -> SIN CAMBIO | R5: =IF(AND(M5<=1,P5<=1),"CUMPLE","NO CUMPLE") -> CUMPLE | S5: =K5-H5 -> 0.01 | T5: =IF(H5<0.005,"-",K5/H5-1) -> 1
A6: 235 | B6: 12 | C6: BEAM2 | D6: 2 UPN200 | E6: 0.28 | F6: =SUMPRODUCT(MAX((Estaciones!$A$5:$A$1064=A6)*ABS(Estaciones!$D$5:$D$1064))) -> 0 | G6: =_xlfn.MAXIFS(Estaciones!$T$5:$T$1064,Estaciones!$A$5:$A$1064,A6) -> 0.05 | H6: =_xlfn.MAXIFS(Estaciones!$R$5:$R$1064,Estaciones!$A$5:$A$1064,A6) -> 0.32 | I6: =SUMPRODUCT(MAX((Estaciones!$A$5:$A$1064=A6)*ABS(Estaciones!$K$5:$K$1064))) -> 0 | J6: =_xlfn.MAXIFS(Estaciones!$U$5:$U$1064,Estaciones!$A$5:$A$1064,A6) -> 0.05 | K6: =_xlfn.MAXIFS(Estaciones!$S$5:$S$1064,Estaciones!$A$5:$A$1064,A6) -> 0.35 | L6: =H6/Resumen!$B$10 -> 0.21080369 | M6: =K6/Resumen!$B$10 -> 0.23056653 | N6: =M6-L6 -> 0.019762846 | O6: =G6/Resumen!$B$11 -> 0.049407115 | P6: =J6/Resumen!$B$11 -> 0.049407115 | Q6: =IF(S6>=Resumen!$B$8,"AUMENTA",IF(S6<=-Resumen!$B$8,"DISMINUYE","SIN CAMBIO")) -> AUMENTA | R6: =IF(AND(M6<=1,P6<=1),"CUMPLE","NO CUMPLE") -> CUMPLE | S6: =K6-H6 -> 0.03 | T6: =IF(H6<0.005,"-",K6/H6-1) -> 0.09375
A7: 258 | B7: 35 | C7: BEAM2 | D7: 2 UPN200 | E7: 0.57 | F7: =SUMPRODUCT(MAX((Estaciones!$A$5:$A$1064=A7)*ABS(Estaciones!$D$5:$D$1064))) -> 0 | G7: =_xlfn.MAXIFS(Estaciones!$T$5:$T$1064,Estaciones!$A$5:$A$1064,A7) -> 0 | H7: =_xlfn.MAXIFS(Estaciones!$R$5:$R$1064,Estaciones!$A$5:$A$1064,A7) -> 0.04 | I7: =SUMPRODUCT(MAX((Estaciones!$A$5:$A$1064=A7)*ABS(Estaciones!$K$5:$K$1064))) -> 0 | J7: =_xlfn.MAXIFS(Estaciones!$U$5:$U$1064,Estaciones!$A$5:$A$1064,A7) -> 0 | K7: =_xlfn.MAXIFS(Estaciones!$S$5:$S$1064,Estaciones!$A$5:$A$1064,A7) -> 0.04 | L7: =H7/Resumen!$B$10 -> 0.026350461 | M7: =K7/Resumen!$B$10 -> 0.026350461 | N7: =M7-L7 -> 0 | O7: =G7/Resumen!$B$11 -> 0 | P7: =J7/Resumen!$B$11 -> 0 | Q7: =IF(S7>=Resumen!$B$8,"AUMENTA",IF(S7<=-Resumen!$B$8,"DISMINUYE","SIN CAMBIO")) -> SIN CAMBIO | R7: =IF(AND(M7<=1,P7<=1),"CUMPLE","NO CUMPLE") -> CUMPLE | S7: =K7-H7 -> 0 | T7: =IF(H7<0.005,"-",K7/H7-1) -> 0
A8: 259 | B8: 36 | C8: BEAM2 | D8: 2 UPN200 | E8: 0.28 | F8: =SUMPRODUCT(MAX((Estaciones!$A$5:$A$1064=A8)*ABS(Estaciones!$D$5:$D$1064))) -> 0 | G8: =_xlfn.MAXIFS(Estaciones!$T$5:$T$1064,Estaciones!$A$5:$A$1064,A8) -> 0 | H8: =_xlfn.MAXIFS(Estaciones!$R$5:$R$1064,Estaciones!$A$5:$A$1064,A8) -> 0.06 | I8: =SUMPRODUCT(MAX((Estaciones!$A$5:$A$1064=A8)*ABS(Estaciones!$K$5:$K$1064))) -> 0 | J8: =_xlfn.MAXIFS(Estaciones!$U$5:$U$1064,Estaciones!$A$5:$A$1064,A8) -> 0 | K8: =_xlfn.MAXIFS(Estaciones!$S$5:$S$1064,Estaciones!$A$5:$A$1064,A8) -> 0.07 | L8: =H8/Resumen!$B$10 -> 0.039525692 | M8: =K8/Resumen!$B$10 -> 0.046113307 | N8: =M8-L8 -> 0.0065876153 | O8: =G8/Resumen!$B$11 -> 0 | P8: =J8/Resumen!$B$11 -> 0 | Q8: =IF(S8>=Resumen!$B$8,"AUMENTA",IF(S8<=-Resumen!$B$8,"DISMINUYE","SIN CAMBIO")) -> SIN CAMBIO | R8: =IF(AND(M8<=1,P8<=1),"CUMPLE","NO CUMPLE") -> CUMPLE | S8: =K8-H8 -> 0.01 | T8: =IF(H8<0.005,"-",K8/H8-1) -> 0.16666667
A9: 260 | B9: 37 | C9: BEAM2 | D9: 2 UPN200 | E9: 1.12 | F9: =SUMPRODUCT(MAX((Estaciones!$A$5:$A$1064=A9)*ABS(Estaciones!$D$5:$D$1064))) -> 0 | G9: =_xlfn.MAXIFS(Estaciones!$T$5:$T$1064,Estaciones!$A$5:$A$1064,A9) -> 0 | H9: =_xlfn.MAXIFS(Estaciones!$R$5:$R$1064,Estaciones!$A$5:$A$1064,A9) -> 0.06 | I9: =SUMPRODUCT(MAX((Estaciones!$A$5:$A$1064=A9)*ABS(Estaciones!$K$5:$K$1064))) -> 0 | J9: =_xlfn.MAXIFS(Estaciones!$U$5:$U$1064,Estaciones!$A$5:$A$1064,A9) -> 0 | K9: =_xlfn.MAXIFS(Estaciones!$S$5:$S$1064,Estaciones!$A$5:$A$1064,A9) -> 0.07 | L9: =H9/Resumen!$B$10 -> 0.039525692 | M9: =K9/Resumen!$B$10 -> 0.046113307 | N9: =M9-L9 -> 0.0065876153 | O9: =G9/Resumen!$B$11 -> 0 | P9: =J9/Resumen!$B$11 -> 0 | Q9: =IF(S9>=Resumen!$B$8,"AUMENTA",IF(S9<=-Resumen!$B$8,"DISMINUYE","SIN CAMBIO")) -> SIN CAMBIO | R9: =IF(AND(M9<=1,P9<=1),"CUMPLE","NO CUMPLE") -> CUMPLE | S9: =K9-H9 -> 0.01 | T9: =IF(H9<0.005,"-",K9/H9-1) -> 0.16666667
A10: 261 | B10: 38 | C10: BEAM2 | D10: 2 UPN200 | E10: 0.28 | F10: =SUMPRODUCT(MAX((Estaciones!$A$5:$A$1064=A10)*ABS(Estaciones!$D$5:$D$1064))) -> 0 | G10: =_xlfn.MAXIFS(Estaciones!$T$5:$T$1064,Estaciones!$A$5:$A$1064,A10) -> 0 | H10: =_xlfn.MAXIFS(Estaciones!$R$5:$R$1064,Estaciones!$A$5:$A$1064,A10) -> 0.06 | I10: =SUMPRODUCT(MAX((Estaciones!$A$5:$A$1064=A10)*ABS(Estaciones!$K$5:$K$1064))) -> 0 | J10: =_xlfn.MAXIFS(Estaciones!$U$5:$U$1064,Estaciones!$A$5:$A$1064,A10) -> 0 | K10: =_xlfn.MAXIFS(Estaciones!$S$5:$S$1064,Estaciones!$A$5:$A$1064,A10) -> 0.06 | L10: =H10/Resumen!$B$10 -> 0.039525692 | M10: =K10/Resumen!$B$10 -> 0.039525692 | N10: =M10-L10 -> 0 | O10: =G10/Resumen!$B$11 -> 0 | P10: =J10/Resumen!$B$11 -> 0 | Q10: =IF(S10>=Resumen!$B$8,"AUMENTA",IF(S10<=-Resumen!$B$8,"DISMINUYE","SIN CAMBIO")) -> SIN CAMBIO | R10: =IF(AND(M10<=1,P10<=1),"CUMPLE","NO CUMPLE") -> CUMPLE | S10: =K10-H10 -> 0 | T10: =IF(H10<0.005,"-",K10/H10-1) -> 0
A11: 262 | B11: 39 | C11: BEAM2 | D11: 2 UPN200 | E11: 0.57 | F11: =SUMPRODUCT(MAX((Estaciones!$A$5:$A$1064=A11)*ABS(Estaciones!$D$5:$D$1064))) -> 0 | G11: =_xlfn.MAXIFS(Estaciones!$T$5:$T$1064,Estaciones!$A$5:$A$1064,A11) -> 0 | H11: =_xlfn.MAXIFS(Estaciones!$R$5:$R$1064,Estaciones!$A$5:$A$1064,A11) -> 0.04 | I11: =SUMPRODUCT(MAX((Estaciones!$A$5:$A$1064=A11)*ABS(Estaciones!$K$5:$K$1064))) -> 0 | J11: =_xlfn.MAXIFS(Estaciones!$U$5:$U$1064,Estaciones!$A$5:$A$1064,A11) -> 0 | K11: =_xlfn.MAXIFS(Estaciones!$S$5:$S$1064,Estaciones!$A$5:$A$1064,A11) -> 0.05 | L11: =H11/Resumen!$B$10 -> 0.026350461 | M11: =K11/Resumen!$B$10 -> 0.032938076 | N11: =M11-L11 -> 0.0065876153 | O11: =G11/Resumen!$B$11 -> 0 | P11: =J11/Resumen!$B$11 -> 0 | Q11: =IF(S11>=Resumen!$B$8,"AUMENTA",IF(S11<=-Resumen!$B$8,"DISMINUYE","SIN CAMBIO")) -> SIN CAMBIO | R11: =IF(AND(M11<=1,P11<=1),"CUMPLE","NO CUMPLE") -> CUMPLE | S11: =K11-H11 -> 0.01 | T11: =IF(H11<0.005,"-",K11/H11-1) -> 0.25
A12: 263 | B12: 40 | C12: BEAM2 | D12: 2 UPN200 | E12: 0.28 | F12: =SUMPRODUCT(MAX((Estaciones!$A$5:$A$1064=A12)*ABS(Estaciones!$D$5:$D$1064))) -> 0 | G12: =_xlfn.MAXIFS(Estaciones!$T$5:$T$1064,Estaciones!$A$5:$A$1064,A12) -> 0 | H12: =_xlfn.MAXIFS(Estaciones!$R$5:$R$1064,Estaciones!$A$5:$A$1064,A12) -> 0.01 | I12: =SUMPRODUCT(MAX((Estaciones!$A$5:$A$1064=A12)*ABS(Estaciones!$K$5:$K$1064))) -> 0 | J12: =_xlfn.MAXIFS(Estaciones!$U$5:$U$1064,Estaciones!$A$5:$A$1064,A12) -> 0 | K12: =_xlfn.MAXIFS(Estaciones!$S$5:$S$1064,Estaciones!$A$5:$A$1064,A12) -> 0.02 | L12: =H12/Resumen!$B$10 -> 0.0065876153 | M12: =K12/Resumen!$B$10 -> 0.013175231 | N12: =M12-L12 -> 0.0065876153 | O12: =G12/Resumen!$B$11 -> 0 | P12: =J12/Resumen!$B$11 -> 0 | Q12: =IF(S12>=Resumen!$B$8,"AUMENTA",IF(S12<=-Resumen!$B$8,"DISMINUYE","SIN CAMBIO")) -> SIN CAMBIO | R12: =IF(AND(M12<=1,P12<=1),"CUMPLE","NO CUMPLE") -> CUMPLE | S12: =K12-H12 -> 0.01 | T12: =IF(H12<0.005,"-",K12/H12-1) -> 1
A13: 264 | B13: 41 | C13: BEAM2 | D13: 2 UPN200 | E13: 0.57 | F13: =SUMPRODUCT(MAX((Estaciones!$A$5:$A$1064=A13)*ABS(Estaciones!$D$5:$D$1064))) -> 0 | G13: =_xlfn.MAXIFS(Estaciones!$T$5:$T$1064,Estaciones!$A$5:$A$1064,A13) -> 0.02 | H13: =_xlfn.MAXIFS(Estaciones!$R$5:$R$1064,Estaciones!$A$5:$A$1064,A13) -> 0.1 | I13: =SUMPRODUCT(MAX((Estaciones!$A$5:$A$1064=A13)*ABS(Estaciones!$K$5:$K$1064))) -> 0 | J13: =_xlfn.MAXIFS(Estaciones!$U$5:$U$1064,Estaciones!$A$5:$A$1064,A13) -> 0.02 | K13: =_xlfn.MAXIFS(Estaciones!$S$5:$S$1064,Estaciones!$A$5:$A$1064,A13) -> 0.1 | L13: =H13/Resumen!$B$10 -> 0.065876153 | M13: =K13/Resumen!$B$10 -> 0.065876153 | N13: =M13-L13 -> 0 | O13: =G13/Resumen!$B$11 -> 0.019762846 | P13: =J13/Resumen!$B$11 -> 0.019762846 | Q13: =IF(S13>=Resumen!$B$8,"AUMENTA",IF(S13<=-Resumen!$B$8,"DISMINUYE","SIN CAMBIO")) -> SIN CAMBIO | R13: =IF(AND(M13<=1,P13<=1),"CUMPLE","NO CUMPLE") -> CUMPLE | S13: =K13-H13 -> 0 | T13: =IF(H13<0.005,"-",K13/H13-1) -> 0
A14: 265 | B14: 42 | C14: BEAM2 | D14: 2 UPN200 | E14: 0.28 | F14: =SUMPRODUCT(MAX((Estaciones!$A$5:$A$1064=A14)*ABS(Estaciones!$D$5:$D$1064))) -> 0 | G14: =_xlfn.MAXIFS(Estaciones!$T$5:$T$1064,Estaciones!$A$5:$A$1064,A14) -> 0.01 | H14: =_xlfn.MAXIFS(Estaciones!$R$5:$R$1064,Estaciones!$A$5:$A$1064,A14) -> 0.09 | I14: =SUMPRODUCT(MAX((Estaciones!$A$5:$A$1064=A14)*ABS(Estaciones!$K$5:$K$1064))) -> 0 | J14: =_xlfn.MAXIFS(Estaciones!$U$5:$U$1064,Estaciones!$A$5:$A$1064,A14) -> 0.01 | K14: =_xlfn.MAXIFS(Estaciones!$S$5:$S$1064,Estaciones!$A$5:$A$1064,A14) -> 0.09 | L14: =H14/Resumen!$B$10 -> 0.059288538 | M14: =K14/Resumen!$B$10 -> 0.059288538 | N14: =M14-L14 -> 0 | O14: =G14/Resumen!$B$11 -> 0.0098814229 | P14: =J14/Resumen!$B$11 -> 0.0098814229 | Q14: =IF(S14>=Resumen!$B$8,"AUMENTA",IF(S14<=-Resumen!$B$8,"DISMINUYE","SIN CAMBIO")) -> SIN CAMBIO | R14: =IF(AND(M14<=1,P14<=1),"CUMPLE","NO CUMPLE") -> CUMPLE | S14: =K14-H14 -> 0 | T14: =IF(H14<0.005,"-",K14/H14-1) -> 0
A15: 266 | B15: 43 | C15: BEAM2 | D15: 2 UPN200 | E15: 1.12 | F15: =SUMPRODUCT(MAX((Estaciones!$A$5:$A$1064=A15)*ABS(Estaciones!$D$5:$D$1064))) -> 0 | G15: =_xlfn.MAXIFS(Estaciones!$T$5:$T$1064,Estaciones!$A$5:$A$1064,A15) -> 0 | H15: =_xlfn.MAXIFS(Estaciones!$R$5:$R$1064,Estaciones!$A$5:$A$1064,A15) -> 0.09 | I15: =SUMPRODUCT(MAX((Estaciones!$A$5:$A$1064=A15)*ABS(Estaciones!$K$5:$K$1064))) -> 0 | J15: =_xlfn.MAXIFS(Estaciones!$U$5:$U$1064,Estaciones!$A$5:$A$1064,A15) -> 0 | K15: =_xlfn.MAXIFS(Estaciones!$S$5:$S$1064,Estaciones!$A$5:$A$1064,A15) -> 0.09 | L15: =H15/Resumen!$B$10 -> 0.059288538 | M15: =K15/Resumen!$B$10 -> 0.059288538 | N15: =M15-L15 -> 0 | O15: =G15/Resumen!$B$11 -> 0 | P15: =J15/Resumen!$B$11 -> 0 | Q15: =IF(S15>=Resumen!$B$8,"AUMENTA",IF(S15<=-Resumen!$B$8,"DISMINUYE","SIN CAMBIO")) -> SIN CAMBIO | R15: =IF(AND(M15<=1,P15<=1),"CUMPLE","NO CUMPLE") -> CUMPLE | S15: =K15-H15 -> 0 | T15: =IF(H15<0.005,"-",K15/H15-1) -> 0
A16: 267 | B16: 44 | C16: BEAM2 | D16: 2 UPN200 | E16: 0.28 | F16: =SUMPRODUCT(MAX((Estaciones!$A$5:$A$1064=A16)*ABS(Estaciones!$D$5:$D$1064))) -> 0 | G16: =_xlfn.MAXIFS(Estaciones!$T$5:$T$1064,Estaciones!$A$5:$A$1064,A16) -> 0.01 | H16: =_xlfn.MAXIFS(Estaciones!$R$5:$R$1064,Estaciones!$A$5:$A$1064,A16) -> 0.08 | I16: =SUMPRODUCT(MAX((Estaciones!$A$5:$A$1064=A16)*ABS(Estaciones!$K$5:$K$1064))) -> 0 | J16: =_xlfn.MAXIFS(Estaciones!$U$5:$U$1064,Estaciones!$A$5:$A$1064,A16) -> 0 | K16: =_xlfn.MAXIFS(Estaciones!$S$5:$S$1064,Estaciones!$A$5:$A$1064,A16) -> 0.08 | L16: =H16/Resumen!$B$10 -> 0.052700922 | M16: =K16/Resumen!$B$10 -> 0.052700922 | N16: =M16-L16 -> 0 | O16: =G16/Resumen!$B$11 -> 0.0098814229 | P16: =J16/Resumen!$B$11 -> 0 | Q16: =IF(S16>=Resumen!$B$8,"AUMENTA",IF(S16<=-Resumen!$B$8,"DISMINUYE","SIN CAMBIO")) -> SIN CAMBIO | R16: =IF(AND(M16<=1,P16<=1),"CUMPLE","NO CUMPLE") -> CUMPLE | S16: =K16-H16 -> 0 | T16: =IF(H16<0.005,"-",K16/H16-1) -> 0
... A216: 369 | B216: 146 | C216: PHA_50 | D216: CHA 50x50 | E216: 1.5 | F216: =SUMPRODUCT(MAX((Estaciones!$A$5:$A$1064=A216)*ABS(Estaciones!$D$5:$D$1064))) -> 0 | G216: =_xlfn.MAXIFS(Estaciones!$T$5:$T$1064,Estaciones!$A$5:$A$1064,A216) -> 0 | H216: =_xlfn.MAXIFS(Estaciones!$R$5:$R$1064,Estaciones!$A$5:$A$1064,A216) -> 0.01 | I216: =SUMPRODUCT(MAX((Estaciones!$A$5:$A$1064=A216)*ABS(Estaciones!$K$5:$K$1064))) -> 0 | J216: =_xlfn.MAXIFS(Estaciones!$U$5:$U$1064,Estaciones!$A$5:$A$1064,A216) -> 0 | K216: =_xlfn.MAXIFS(Estaciones!$S$5:$S$1064,Estaciones!$A$5:$A$1064,A216) -> 0.01 | L216: =H216/Resumen!$B$10 -> 0.0065876153 | M216: =K216/Resumen!$B$10 -> 0.0065876153 | N216: =M216-L216 -> 0 | O216: =G216/Resumen!$B$11 -> 0 | P216: =J216/Resumen!$B$11 -> 0 | Q216: =IF(S216>=Resumen!$B$8,"AUMENTA",IF(S216<=-Resumen!$B$8,"DISMINUYE","SIN CAMBIO")) -> SIN CAMBIO | R216: =IF(AND(M216<=1,P216<=1),"CUMPLE","NO CUMPLE") -> CUMPLE | S216: =K216-H216 -> 0 | T216: =IF(H216<0.005,"-",K216/H216-1) -> 0

Sheet Por grupo
A1: Resumen por grupo de elementos
A2: Máximos por descripción y sección
A4: Descripción | B4: Sección | C4: N° elem. | D4: σ máx exist. | E4: σ máx modif. | F4: Var. % | G4: σ/Fb máx exist. | H4: σ/Fb máx modif. | I4: N° que aumentan | J4: N° que disminuyen | K4: Estado modif.
A5: BEAM2 | B5: 2 UPN200 | C5: =COUNTIF(Tensiones!$C$5:$C$216,A5) -> 42 | D5: =_xlfn.MAXIFS(Tensiones!$H$5:$H$216,Tensiones!$C$5:$C$216,A5) -> 0.42 | E5: =_xlfn.MAXIFS(Tensiones!$K$5:$K$216,Tensiones!$C$5:$C$216,A5) -> 0.44 | F5: =IF(D5<0.005,"-",E5/D5-1) -> 0.047619048 | G5: =_xlfn.MAXIFS(Tensiones!$L$5:$L$216,Tensiones!$C$5:$C$216,A5) -> 0.27667984 | H5: =_xlfn.MAXIFS(Tensiones!$M$5:$M$216,Tensiones!$C$5:$C$216,A5) -> 0.28985507 | I5: =COUNTIFS(Tensiones!$C$5:$C$216,A5,Tensiones!$Q$5:$Q$216,"AUMENTA") -> 6 | J5: =COUNTIFS(Tensiones!$C$5:$C$216,A5,Tensiones!$Q$5:$Q$216,"DISMINUYE") -> 3 | K5: =IF(COUNTIFS(Tensiones!$C$5:$C$216,A5,Tensiones!$R$5:$R$216,"NO CUMPLE")=0,"CUMPLE","NO CUMPLE") -> CUMPLE
A6: BEAM2_P | B6: 2 UPN200 | C6: =COUNTIF(Tensiones!$C$5:$C$216,A6) -> 33 | D6: =_xlfn.MAXIFS(Tensiones!$H$5:$H$216,Tensiones!$C$5:$C$216,A6) -> 0.18 | E6: =_xlfn.MAXIFS(Tensiones!$K$5:$K$216,Tensiones!$C$5:$C$216,A6) -> 0.2 | F6: =IF(D6<0.005,"-",E6/D6-1) -> 0.11111111 | G6: =_xlfn.MAXIFS(Tensiones!$L$5:$L$216,Tensiones!$C$5:$C$216,A6) -> 0.11857708 | H6: =_xlfn.MAXIFS(Tensiones!$M$5:$M$216,Tensiones!$C$5:$C$216,A6) -> 0.13175231 | I6: =COUNTIFS(Tensiones!$C$5:$C$216,A6,Tensiones!$Q$5:$Q$216,"AUMENTA") -> 12 | J6: =COUNTIFS(Tensiones!$C$5:$C$216,A6,Tensiones!$Q$5:$Q$216,"DISMINUYE") -> 4 | K6: =IF(COUNTIFS(Tensiones!$C$5:$C$216,A6,Tensiones!$R$5:$R$216,"NO CUMPLE")=0,"CUMPLE","NO CUMPLE") -> CUMPLE
A7: BEAM3 | B7: IPN 300 | C7: =COUNTIF(Tensiones!$C$5:$C$216,A7) -> 4 | D7: =_xlfn.MAXIFS(Tensiones!$H$5:$H$216,Tensiones!$C$5:$C$216,A7) -> 0.01 | E7: =_xlfn.MAXIFS(Tensiones!$K$5:$K$216,Tensiones!$C$5:$C$216,A7) -> 0.01 | F7: =IF(D7<0.005,"-",E7/D7-1) -> 0 | G7: =_xlfn.MAXIFS(Tensiones!$L$5:$L$216,Tensiones!$C$5:$C$216,A7) -> 0.0065876153 | H7: =_xlfn.MAXIFS(Tensiones!$M$5:$M$216,Tensiones!$C$5:$C$216,A7) -> 0.0065876153 | I7: =COUNTIFS(Tensiones!$C$5:$C$216,A7,Tensiones!$Q$5:$Q$216,"AUMENTA") -> 0 | J7: =COUNTIFS(Tensiones!$C$5:$C$216,A7,Tensiones!$Q$5:$Q$216,"DISMINUYE") -> 0 | K7: =IF(COUNTIFS(Tensiones!$C$5:$C$216,A7,Tensiones!$R$5:$R$216,"NO CUMPLE")=0,"CUMPLE","NO CUMPLE") -> CUMPLE
A8: BEAM4 | B8: 2 UPN200 | C8: =COUNTIF(Tensiones!$C$5:$C$216,A8) -> 8 | D8: =_xlfn.MAXIFS(Tensiones!$H$5:$H$216,Tensiones!$C$5:$C$216,A8) -> 0.12 | E8: =_xlfn.MAXIFS(Tensiones!$K$5:$K$216,Tensiones!$C$5:$C$216,A8) -> 0.12 | F8: =IF(D8<0.005,"-",E8/D8-1) -> 0 | G8: =_xlfn.MAXIFS(Tensiones!$L$5:$L$216,Tensiones!$C$5:$C$216,A8) -> 0.079051383 | H8: =_xlfn.MAXIFS(Tensiones!$M$5:$M$216,Tensiones!$C$5:$C$216,A8) -> 0.079051383 | I8: =COUNTIFS(Tensiones!$C$5:$C$216,A8,Tensiones!$Q$5:$Q$216,"AUMENTA") -> 0 | J8: =COUNTIFS(Tensiones!$C$5:$C$216,A8,Tensiones!$Q$5:$Q$216,"DISMINUYE") -> 0 | K8: =IF(COUNTIFS(Tensiones!$C$5:$C$216,A8,Tensiones!$R$5:$R$216,"NO CUMPLE")=0,"CUMPLE","NO CUMPLE") -> CUMPLE
A9: BEAM5 | B9: IPB 200 | C9: =COUNTIF(Tensiones!$C$5:$C$216,A9) -> 7 | D9: =_xlfn.MAXIFS(Tensiones!$H$5:$H$216,Tensiones!$C$5:$C$216,A9) -> 0 | E9: =_xlfn.MAXIFS(Tensiones!$K$5:$K$216,Tensiones!$C$5:$C$216,A9) -> 0.01 | F9: =IF(D9<0.005,"-",E9/D9-1) -> - | G9: =_xlfn.MAXIFS(Tensiones!$L$5:$L$216,Tensiones!$C$5:$C$216,A9) -> 0 | H9: =_xlfn.MAXIFS(Tensiones!$M$5:$M$216,Tensiones!$C$5:$C$216,A9) -> 0.0065876153 | I9: =COUNTIFS(Tensiones!$C$5:$C$216,A9,Tensiones!$Q$5:$Q$216,"AUMENTA") -> 0 | J9: =COUNTIFS(Tensiones!$C$5:$C$216,A9,Tensiones!$Q$5:$Q$216,"DISMINUYE") -> 0 | K9: =IF(COUNTIFS(Tensiones!$C$5:$C$216,A9,Tensiones!$R$5:$R$216,"NO CUMPLE")=0,"CUMPLE","NO CUMPLE") -> CUMPLE
A10: BRACE1 | B10: UPN 180 | C10: =COUNTIF(Tensiones!$C$5:$C$216,A10) -> 16 | D10: =_xlfn.MAXIFS(Tensiones!$H$5:$H$216,Tensiones!$C$5:$C$216,A10) -> 0.09 | E10: =_xlfn.MAXIFS(Tensiones!$K$5:$K$216,Tensiones!$C$5:$C$216,A10) -> 0.09 | F10: =IF(D10<0.005,"-",E10/D10-1) -> 0 | G10: =_xlfn.MAXIFS(Tensiones!$L$5:$L$216,Tensiones!$C$5:$C$216,A10) -> 0.059288538 | H10: =_xlfn.MAXIFS(Tensiones!$M$5:$M$216,Tensiones!$C$5:$C$216,A10) -> 0.059288538 | I10: =COUNTIFS(Tensiones!$C$5:$C$216,A10,Tensiones!$Q$5:$Q$216,"AUMENTA") -> 0 | J10: =COUNTIFS(Tensiones!$C$5:$C$216,A10,Tensiones!$Q$5:$Q$216,"DISMINUYE") -> 0 | K10: =IF(COUNTIFS(Tensiones!$C$5:$C$216,A10,Tensiones!$R$5:$R$216,"NO CUMPLE")=0,"CUMPLE","NO CUMPLE") -> CUMPLE
A11: BRACE2 | B11: UPN 180 | C11: =COUNTIF(Tensiones!$C$5:$C$216,A11) -> 16 | D11: =_xlfn.MAXIFS(Tensiones!$H$5:$H$216,Tensiones!$C$5:$C$216,A11) -> 0.11 | E11: =_xlfn.MAXIFS(Tensiones!$K$5:$K$216,Tensiones!$C$5:$C$216,A11) -> 0.12 | F11: =IF(D11<0.005,"-",E11/D11-1) -> 0.090909091 | G11: =_xlfn.MAXIFS(Tensiones!$L$5:$L$216,Tensiones!$C$5:$C$216,A11) -> 0.072463768 | H11: =_xlfn.MAXIFS(Tensiones!$M$5:$M$216,Tensiones!$C$5:$C$216,A11) -> 0.079051383 | I11: =COUNTIFS(Tensiones!$C$5:$C$216,A11,Tensiones!$Q$5:$Q$216,"AUMENTA") -> 1 | J11: =COUNTIFS(Tensiones!$C$5:$C$216,A11,Tensiones!$Q$5:$Q$216,"DISMINUYE") -> 0 | K11: =IF(COUNTIFS(Tensiones!$C$5:$C$216,A11,Tensiones!$R$5:$R$216,"NO CUMPLE")=0,"CUMPLE","NO CUMPLE") -> CUMPLE
A12: BRACE3 | B12: UPN 180 | C12: =COUNTIF(Tensiones!$C$5:$C$216,A12) -> 8 | D12: =_xlfn.MAXIFS(Tensiones!$H$5:$H$216,Tensiones!$C$5:$C$216,A12) -> 0.07 | E12: =_xlfn.MAXIFS(Tensiones!$K$5:$K$216,Tensiones!$C$5:$C$216,A12) -> 0.07 | F12: =IF(D12<0.005,"-",E12/D12-1) -> 0 | G12: =_xlfn.MAXIFS(Tensiones!$L$5:$L$216,Tensiones!$C$5:$C$216,A12) -> 0.046113307 | H12: =_xlfn.MAXIFS(Tensiones!$M$5:$M$216,Tensiones!$C$5:$C$216,A12) -> 0.046113307 | I12: =COUNTIFS(Tensiones!$C$5:$C$216,A12,Tensiones!$Q$5:$Q$216,"AUMENTA") -> 0 | J12: =COUNTIFS(Tensiones!$C$5:$C$216,A12,Tensiones!$Q$5:$Q$216,"DISMINUYE") -> 0 | K12: =IF(COUNTIFS(Tensiones!$C$5:$C$216,A12,Tensiones!$R$5:$R$216,"NO CUMPLE")=0,"CUMPLE","NO CUMPLE") -> CUMPLE
A13: COL1 | B13: UPN 200 | C13: =COUNTIF(Tensiones!$C$5:$C$216,A13) -> 72 | D13: =_xlfn.MAXIFS(Tensiones!$H$5:$H$216,Tensiones!$C$5:$C$216,A13) -> 0.1 | E13: =_xlfn.MAXIFS(Tensiones!$K$5:$K$216,Tensiones!$C$5:$C$216,A13) -> 0.11 | F13: =IF(D13<0.005,"-",E13/D13-1) -> 0.1 | G13: =_xlfn.MAXIFS(Tensiones!$L$5:$L$216,Tensiones!$C$5:$C$216,A13) -> 0.065876153 | H13: =_xlfn.MAXIFS(Tensiones!$M$5:$M$216,Tensiones!$C$5:$C$216,A13) -> 0.072463768 | I13: =COUNTIFS(Tensiones!$C$5:$C$216,A13,Tensiones!$Q$5:$Q$216,"AUMENTA") -> 1 | J13: =COUNTIFS(Tensiones!$C$5:$C$216,A13,Tensiones!$Q$5:$Q$216,"DISMINUYE") -> 0 | K13: =IF(COUNTIFS(Tensiones!$C$5:$C$216,A13,Tensiones!$R$5:$R$216,"NO CUMPLE")=0,"CUMPLE","NO CUMPLE") -> CUMPLE
A14: PHA_50 | B14: CHA 50x50 | C14: =COUNTIF(Tensiones!$C$5:$C$216,A14) -> 6 | D14: =_xlfn.MAXIFS(Tensiones!$H$5:$H$216,Tensiones!$C$5:$C$216,A14) -> 0.01 | E14: =_xlfn.MAXIFS(Tensiones!$K$5:$K$216,Tensiones!$C$5:$C$216,A14) -> 0.01 | F14: =IF(D14<0.005,"-",E14/D14-1) -> 0 | G14: =_xlfn.MAXIFS(Tensiones!$L$5:$L$216,Tensiones!$C$5:$C$216,A14) -> 0.0065876153 | H14: =_xlfn.MAXIFS(Tensiones!$M$5:$M$216,Tensiones!$C$5:$C$216,A14) -> 0.0065876153 | I14: =COUNTIFS(Tensiones!$C$5:$C$216,A14,Tensiones!$Q$5:$Q$216,"AUMENTA") -> 0 | J14: =COUNTIFS(Tensiones!$C$5:$C$216,A14,Tensiones!$Q$5:$Q$216,"DISMINUYE") -> 0 | K14: =IF(COUNTIFS(Tensiones!$C$5:$C$216,A14,Tensiones!$R$5:$R$216,"NO CUMPLE")=0,"CUMPLE","NO CUMPLE") -> CUMPLE
